bank_name,total_txns,failure_rate,error_diversity,reliability_score
Axis,2030,0.24334975369458128,10,5296.551724137932
HDFC,1981,0.24381625441696114,10,5293.286219081273
ICICI,1961,0.22845486996430392,10,5400.815910249873
Kotak,2005,0.22493765586034914,10,5425.436408977556
SBI,2023,0.22787938704893723,10,5404.844290657438
